上司,2020-09-17 00:43:14.437065
結婚,2020-09-17 00:43:19.153147
上司,2020-09-17 00:56:51.980072
上司,2020-09-17 00:57:14.865472
結婚,2020-09-17 00:57:18.014980
ファッション,2020-09-17 00:57:21.521993
恋愛,2020-09-17 01:03:52.445640
恋愛,2020-09-17 01:03:55.959828
恋愛,2020-09-17 01:13:38.886363
恋愛,2020-09-17 01:16:38.849252
恋愛,2020-09-17 01:22:05.347389
恋愛,2020-09-17 01:22:38.162242
恋愛,2020-09-17 01:23:05.058659
恋愛,2020-09-17 01:24:09.310430
武蔵小杉,2020-09-17 01:43:29.693432
武蔵小杉,2020-09-17 01:43:51.579482
ファッション,2020-09-17 01:45:12.849756
ファッション,2020-09-17 01:45:35.341596
ファッション,2020-09-17 01:46:48.304802
ファッション,2020-09-17 01:49:01.262550
ファッション,2020-09-17 01:49:43.286209
ファッション,2020-09-17 01:49:56.891658
恋愛,2020-09-17 01:49:59.447345
恋愛,2020-09-17 01:52:46.931162
恋愛,2020-09-17 01:54:00.448238
恋愛,2020-09-17 01:54:34.615273
恋愛,2020-09-17 01:54:50.031849
恋愛,2020-09-17 01:56:29.051205
副業,2020-09-17 03:19:42.736514
上司,2020-09-17 03:20:03.941488
副業　上司,2020-09-17 03:20:19.769696
副業　上司,2020-09-17 03:20:19.769696
副業　上司,2020-09-17 03:20:19.769696
副業　上司,2020-09-17 03:20:19.769696
副業　上司,2020-09-17 03:20:19.769696
副業　上司,2020-09-17 03:20:19.769696
副業　上司,2020-09-17 03:20:19.769696
副業　上司,2020-09-17 03:20:19.769696
副業　上司,2020-09-17 03:20:19.769696
副業　上司,2020-09-17 03:20:19.769696
副業　上司,2020-09-17 03:20:19.769696
副業　上司,2020-09-17 03:21:05.817906
副業　上司,2020-09-17 03:23:54.481415
副業　上司,2020-09-17 03:25:23.195536
副業　上司,2020-09-17 03:26:12.068192
副業　上司,2020-09-17 03:26:43.153987
副業　上司,2020-09-17 03:27:00.664090
副業　上司,2020-09-17 03:31:39.223486
副業　上司,2020-09-17 03:33:45.614689
副業　上司,2020-09-17 03:34:13.535533
副業　上司,2020-09-17 03:39:31.418705
副業　上司,2020-09-17 03:40:16.615339
副業　上司,2020-09-17 03:43:19.642077
副業　上司,2020-09-17 03:44:49.087884
副業　上司,2020-09-17 03:45:16.494041
副業　上司,2020-09-17 03:50:13.046984
副業　上司,2020-09-17 03:50:35.201560
副業　上司,2020-09-17 03:51:41.724360
副業　上司,2020-09-17 03:53:32.876102
副業　上司,2020-09-17 03:55:18.962221
副業　上司,2020-09-17 03:55:36.529086
副業　上司,2020-09-17 03:55:53.825478
副業　上司,2020-09-17 03:57:50.472590
副業　上司,2020-09-17 03:59:03.954529
副業　上司,2020-09-17 03:59:17.127481
副業　上司,2020-09-17 03:59:29.092264
結婚,2020-09-17 04:00:28.175172
結婚,2020-09-17 04:02:35.121060
結婚,2020-09-17 04:09:40.741878
武蔵小杉,2020-09-17 04:09:49.561786
結婚,2020-09-17 04:10:32.297944
結婚,2020-09-17 04:11:12.084165
結婚,2020-09-17 04:11:15.453808
副業,2020-09-17 04:11:25.845914
上司,2020-09-17 04:11:30.298545
上司,2020-09-17 04:13:35.794278
武蔵小杉,2020-09-17 04:13:44.041456
武蔵小杉,2020-09-17 04:16:00.125651
ああああああ,2020-09-17 04:16:09.482111
ああああああ,2020-09-17 04:16:37.238098
ｈｊｋ,2020-09-17 04:16:45.007853
ｈｊｋ,2020-09-17 04:18:23.669648
ｈｊｋ,2020-09-17 04:19:35.555279
ｈｊｋ,2020-09-17 04:19:53.212454
武蔵小杉,2020-09-17 04:20:15.038587
武蔵小杉,2020-09-17 04:20:51.768312
求人,2020-09-17 04:23:56.310124
求人,2020-09-17 04:27:24.753300
人材紹介,2020-09-17 04:27:44.970882
人材紹介,2020-09-17 04:28:59.182698
人材紹介,2020-09-17 04:30:42.371309
人材紹介,2020-09-17 04:31:03.838477
人材紹介,2020-09-17 04:31:43.079588
人材紹介,2020-09-17 15:44:05.357123
結婚,2020-09-17 16:14:57.169620
結婚,2020-09-17 16:15:05.341391
武蔵小杉,2020-09-17 16:15:17.790369
副業,2020-09-17 16:17:56.539706
結婚,2020-09-17 16:30:18.401406
結婚,2020-09-17 16:32:10.166499
結婚,2020-09-17 16:32:40.235422
結婚,2020-09-17 16:43:41.025442
結婚,2020-09-17 16:43:55.969903
副業 仕事,2020-09-17 16:44:09.213658
副業 仕事,2020-09-17 16:45:07.292994
副業,2020-09-17 16:45:53.750836
副業　上司,2020-09-17 16:51:38.146195
副業　上司,2020-09-17 16:52:55.669503
副業　上司,2020-09-18 02:23:18.275843
結婚,2020-09-18 02:34:35.106660
結婚,2020-09-18 02:35:56.522769
副業,2020-09-18 03:10:12.824028
結婚,2020-09-18 03:36:44.575273
副業,2020-09-18 03:38:24.766822
結婚,2020-09-18 03:39:10.206136
結婚,2020-09-18 03:39:27.176850
結婚,2020-09-18 03:40:26.885022
結婚,2020-09-18 03:44:09.681178
副業　上司,2020-09-18 12:07:08.972379
副業　上司,2020-09-18 12:08:42.784750
副業　上司,2020-09-18 13:08:37.342938
恋愛,2020-09-18 13:08:43.221242
恋愛,2020-09-18 13:09:33.184891
恋愛,2020-09-18 13:09:37.768633
恋愛,2020-09-18 13:09:47.261226
恋愛,2020-09-18 13:10:32.891821
恋愛,2020-09-18 13:10:50.166909
恋愛,2020-09-18 13:10:52.835114
恋愛,2020-09-18 13:11:01.316110
結婚,2020-09-18 16:35:41.291394
